<?xml version="1.0" encoding="utf-8"?>
<extension type="module" version="3.0" client="site" method="upgrade">
    <name>Send To Telegram</name>
    <author>Ali Pakzad</author>
    <version>1.0.0</version>
	<creationDate>2024-05-15</creationDate>
	<copyright>(C) 2024 Open Source Matters, Inc.</copyright>
	<license>GNU General Public License version 2 or later; see LICENSE.txt</license>
	<authorEmail>admin@joomla.org</authorEmail>
	<authorUrl>https://github.com/apalipz/joomla-send-to-telegram-module</authorUrl>
	<description>
		<![CDATA[
		<div>		
			<div align="left">
    			<h2>Send To Telegram! Module for Joomla 3.x, Joomla 4.x and Joomla 5</h2>
    			<p>The Send To Telegram Module is a powerful Module that enables you to seamlessly share content from your website directly to Telegram.
    			With this module, you can effortlessly send text messages, images, and even entire web pages to your Telegram contacts or channels.</p>
    			
    			<h2>Essential Notes:</h2>
    			<p>1. Super User Access: Ensure the module has Super User access for optimal functionality.</p>
    			<p>2. Instructional Video: Before using the module, watch the instructional video to gain a thorough understanding of its features and usage.</p>
            </div>
    		<div align="right">	
    			<p>ماژول ارسال تلگرام یک ماژول قدرتمند است که به شما امکان می دهد محتوا را از وب سایت خود به طور مستقیم در تلگرام به اشتراک بگذارید. با استفاده از این ماژول، می توانید به راحتی پیام های متنی، تصاویر و حتی صفحات کامل وب را به مخاطبین یا کانال های تلگرام خود ارسال کنید.</p>
    			<h2>نکات مهم</h2>
    			<p>دسترسی ادمین: برای عملکرد بهینه، مطمئن شوید که ماژول دارای دسترسی ادمین است</p>
    			<p>فیلم آموزشی: قبل از استفاده از این ماژول، فیلم آموزشی را تماشا کنید تا درک کاملی از ویژگی ها و نحوه استفاده آن به دست آورید</p>
    		</div>
     			<p><span style='color: #008000;'><strong>Links:</strong></span></p>
    			  <ul>
    			  	<li><a target='_blank' href='https://github.com/apalipz/joomla-send-to-telegram-module'>github</a></li>
    			  </ul>   
    			<p><span style='color: #008000;'><strong>Links:</strong></span></p>
    			  <ul>
    			  	<li><a target='_blank' href='https://youtu.be/ym6I8B9zJ_k'>Watch Video</a></li>
    			  </ul>
		</div>
		]]>
	</description>
    <files>
        <filename>mod_send_telegram.xml</filename>
        <filename module="mod_send_telegram">mod_send_telegram.php</filename>
        <filename>index.html</filename>
        <filename>helper.php</filename>
		<folder>tmpl</folder>
		<folder>tmpl/data</folder>
		<folder>assets</folder>
	</files>
    <languages folder="language">
        <language tag="en-GB">en-GB/en-GB.mod_send_telegram.ini</language>
        <language tag="fa-IR">fa-IR/fa-IR.mod_send_telegram.ini</language>
    </languages>
    <install>
	</install>
</extension>